timestamp,temperature,voltage,current
2026-01-01 00:00:00,25.993428306022466,12.699677718293001,4.864964345005124
2026-01-01 00:01:00,24.72347139765763,12.462316841456385,4.971096265856897
2026-01-01 00:02:00,26.295377076201383,12.029815184960087,4.841516015800008
2026-01-01 00:03:00,28.04605971281605,11.676531611147213,4.938407694072192
2026-01-01 00:04:00,24.531693250553328,12.349111656806794,4.621277066609243
2026-01-01 00:05:00,24.53172608610164,12.196742692710874,5.042658741474588
2026-01-01 00:06:00,28.158425631014783,12.447596610013866,5.000241095072445
2026-01-01 00:07:00,26.534869458305817,12.317585900840985,4.8365822737863615
2026-01-01 00:08:00,24.061051228130097,12.524776357659668,5.131849133686481
2026-01-01 00:09:00,26.08512008717193,11.732382394219716,5.187514027525312
2026-01-01 00:10:00,24.073164614375074,12.658697032817162,4.678488027126205
2026-01-01 00:11:00,24.068540492859487,12.0987998023462,4.847455044286757
2026-01-01 00:12:00,25.48392454313207,13.037630436312632,4.8461715300425405
2026-01-01 00:13:00,21.173439510684403,11.655406090955216,4.812019379778227
2026-01-01 00:14:00,21.550164334973935,12.867981901582624,5.1658949683863495
2026-01-01 00:15:00,23.875424941518055,12.098955391731323,4.961234772245439
2026-01-01 00:16:00,22.974337759331153,11.674290998192776,4.9470970317378775
2026-01-01 00:17:00,25.628494665190548,11.758057082972838,4.599227527118649
2026-01-01 00:18:00,23.183951848957577,11.83982634590284,5.127083606041845
2026-01-01 00:19:00,22.175392597329417,12.212082973200959,4.752148321029305
2026-01-01 00:20:00,27.931297537843108,12.26141774401775,5.011986526053266
2026-01-01 00:21:00,24.54844739902693,11.71314999803071,5.055475387591638
2026-01-01 00:22:00,25.13505640937585,11.987822703869508,5.272131719167731
2026-01-01 00:23:00,22.150503627573087,13.071135179305932,4.7382359201761775
2026-01-01 00:24:00,23.911234550949636,12.863771585050356,4.396097568835835
2026-01-01 00:25:00,25.22184517941973,12.218161834837016,5.036769908950739
2026-01-01 00:26:00,22.698012845155393,12.0190017390841,5.360102236302171
2026-01-01 00:27:00,25.751396036691343,12.060015663359131,5.247789270587887
2026-01-01 00:28:00,23.79872262016239,12.306758986365208,5.041931883054925
2026-01-01 00:29:00,24.416612500413446,11.488603717400798,4.9016727628735905
2026-01-01 00:30:00,23.796586775541208,11.871311731288328,5.161424519327462
2026-01-01 00:31:00,28.704556369017876,11.165707963061205,4.805290760059107
2026-01-01 00:32:00,24.97300555052413,12.199611561302639,5.095271553871243
2026-01-01 00:33:00,22.884578142088202,12.32359796985137,5.101094031833325
2026-01-01 00:34:00,26.645089824206377,11.758406768850312,5.212041981499776
2026-01-01 00:35:00,22.558312700057954,12.786993381645017,5.551932007782216
2026-01-01 00:36:00,25.41772719000951,11.387117168498829,5.078483193435753
2026-01-01 00:37:00,21.08065975224045,11.26781255989509,4.898207274858501
2026-01-01 00:38:00,22.34362790220314,12.112225909279985,4.994885137561601
2026-01-01 00:39:00,25.393722471738247,12.523549151306078,4.646184819022176
2026-01-01 00:40:00,-3.5230668400091787,22.841963845728934,4.861057373782188
2026-01-01 00:41:00,25.34273656237994,11.77055786856553,4.918143512377379
2026-01-01 00:42:00,24.768703435223518,12.539340416715648,4.895182320413081
2026-01-01 00:43:00,24.397792608821423,11.980745765249646,5.030470974406745
2026-01-01 00:44:00,22.042956019265144,11.91368635002959,4.83551601352356
2026-01-01 00:45:00,23.560311583210584,12.441829968743336,5.224206133464894
2026-01-01 00:46:00,24.078722458080424,12.32616143920671,5.00004141298364
2026-01-01 00:47:00,27.11424445243783,11.211803921507876,4.998139935772275
2026-01-01 00:48:00,25.687236579136922,12.738270174862947,4.934421056697416
2026-01-01 00:49:00,21.47391968927453,12.690045677073726,5.031038136771796
2026-01-01 00:50:00,25.64816793878959,11.687218649245235,5.165019652933527
2026-01-01 00:51:00,24.229835439167367,12.197901766718704,4.82657395685782
2026-01-01 00:52:00,23.646155999388082,12.24701509314137,4.868376702184949
2026-01-01 00:53:00,26.223352577681737,12.130336882911953,4.939254794244667
2026-01-01 00:54:00,27.0619990449919,11.72484742307729,4.730825815305357
2026-01-01 00:55:00,26.862560238232398,11.664188316030975,4.836148428055701
2026-01-01 00:56:00,53.32156495355473,3.9872229645042765,4.904755825291068
2026-01-01 00:57:00,24.381575248297573,12.586364509629682,5.174877836142546
2026-01-01 00:58:00,25.662526862807127,12.271800077297216,5.052512265800385
2026-01-01 00:59:00,26.95109025424472,11.814692833956947,5.038717982273509
2026-01-01 01:00:00,-5.958348475690581,22.385849355324172,5.170179592433595
2026-01-01 01:01:00,-5.371317953327633,20.57572868968496,4.972525642320121
2026-01-01 01:02:00,22.787330051987944,12.574382850186051,5.078092969985778
2026-01-01 01:03:00,22.60758675183866,11.13014311061095,4.979355649413501
2026-01-01 01:04:00,26.625051644788396,11.818779529298434,5.053072469879925
2026-01-01 01:05:00,27.712480057141647,11.440165052686929,4.883448268477683
2026-01-01 01:06:00,24.855979756839332,11.352659262139547,4.512236568344714
2026-01-01 01:07:00,27.007065795784047,12.580413393689259,4.973144167562739
2026-01-01 01:08:00,25.723272050095268,11.766149399344055,5.284549627219988
2026-01-01 01:09:00,23.70976049078975,12.173251940865358,5.185243080448318
2026-01-01 01:10:00,25.722791211016826,11.976539710560408,5.193079496918235
2026-01-01 01:11:00,28.07607313293194,12.23852041361156,5.247226144361243
2026-01-01 01:12:00,24.928347921780098,12.038410945530128,5.017731518192288
2026-01-01 01:13:00,28.129287311628012,11.358503887905716,5.039463141481119
2026-01-01 01:14:00,19.76050979182051,12.49813340972357,4.87646962091313
2026-01-01 01:15:00,26.643805008750448,11.753121708419343,4.9367854287945905
2026-01-01 01:16:00,25.17409413647634,11.221709050670125,5.1231542299542285
2026-01-01 01:17:00,24.401985299068265,11.785942419517044,5.240776887433763
2026-01-01 01:18:00,25.183521553071003,12.750379895317156,4.9721107448638
2026-01-01 01:19:00,21.024862170798215,12.425110871056747,4.9099621470297174
2026-01-01 01:20:00,-5.439343775675024,21.82567393279607,5.0001055917713195
2026-01-01 01:21:00,25.714225143023494,11.825371147840785,5.1202413497858235
2026-01-01 01:22:00,27.955788089483033,11.83918247439131,4.711229036773291
2026-01-01 01:23:00,23.963459563452705,13.038373991780421,4.540763809372552
2026-01-01 01:24:00,23.383012794213624,12.190967726115776,4.889892630101683
2026-01-01 01:25:00,23.996485912830927,12.215020823595534,4.755857514817168
2026-01-01 01:26:00,26.83080423540415,12.515141727015921,4.898371960470538
2026-01-01 01:27:00,25.65750221931937,12.119394579513257,4.970443936236506
2026-01-01 01:28:00,23.940479592465923,11.870478927089648,4.909350318195397
2026-01-01 01:29:00,26.02653486622671,11.901825075457511,5.290493506894149
2026-01-01 01:30:00,55.19415509869608,21.964199370292967,5.065348952920464
2026-01-01 01:31:00,26.937289981065778,11.98138888174508,5.060094871922166
2026-01-01 01:32:00,23.595893812245293,12.36381477181849,5.12444142880868
2026-01-01 01:33:00,24.344675706804463,12.02597294290365,4.772233376443846
2026-01-01 01:34:00,24.215783693735684,12.366320038607789,5.207822357484054
2026-01-01 01:35:00,22.072970103735763,11.959641709945709,4.984847142692908
2026-01-01 01:36:00,25.59224055412915,12.039317595158046,5.134096123448242
2026-01-01 01:37:00,25.52211054435978,11.000899657733946,4.785628553391969
2026-01-01 01:38:00,25.01022691328492,12.458163837351242,4.6892482467967875
2026-01-01 01:39:00,54.530825733249706,22.173244237948996,5.163577931605006
2026-01-01 01:40:00,22.169258515899173,12.499005054929826,5.075281905219503
2026-01-01 01:41:00,24.15870935446928,10.551872310903155,4.819589689128498
2026-01-01 01:42:00,24.314570966946462,13.044187352390363,4.826067383745061
2026-01-01 01:43:00,23.39544546155676,11.930205185922413,5.225086956882954
2026-01-01 01:44:00,54.67742857666798,22.55409140836876,4.762117621426534
2026-01-01 01:45:00,25.80810171362908,11.480047036437234,5.328534590651192
2026-01-01 01:46:00,28.77237180242106,12.306386952531286,4.819875853070426
2026-01-01 01:47:00,25.349155625663677,11.473292218413173,5.127678385121676
2026-01-01 01:48:00,25.51510078144553,11.688115519652097,4.934276304850203
2026-01-01 01:49:00,24.851108168467665,12.957015676933393,5.120637486216468
2026-01-01 01:50:00,21.162457569401916,11.904658799618327,4.891177199577162
2026-01-01 01:51:00,24.946972249101567,12.108716436589862,4.967441418785541
2026-01-01 01:52:00,25.120460419882054,12.435033865344376,5.008183835079144
2026-01-01 01:53:00,29.926484224970572,12.247840943986303,4.799562508843706
2026-01-01 01:54:00,24.615278070437753,12.075209452571789,5.148164869084025
2026-01-01 01:55:00,25.603094684667226,12.182480501233112,4.897357286705683
2026-01-01 01:56:00,24.930576460589513,13.201707792619137,4.954280016931996
2026-01-01 01:57:00,22.662643924760935,11.971190601483208,4.801130125078298
2026-01-01 01:58:00,27.285645629030043,12.100549523357484,4.487533268240938
2026-01-01 01:59:00,56.50386606537354,4.525327198003806,4.961794447479966
2026-01-01 02:00:00,26.582063894086094,12.552762966478992,5.482523084322583
2026-01-01 02:01:00,23.18122509041052,12.59351515278019,5.156920857579605
2026-01-01 02:02:00,27.805588621872197,12.319365111014593,4.996147924053121
2026-01-01 02:03:00,22.19629787441544,11.428497543634759,4.947421834158346
2026-01-01 02:04:00,26.17371418760054,12.816715766150548,5.004493178562409
2026-01-01 02:05:00,-0.6190887483800438,21.426827303490654,5.109423823035042
2026-01-01 02:06:00,23.01892734973862,12.151317732619516,4.763837436938231
2026-01-01 02:07:00,23.867404540794457,11.622862074990321,5.222864338933775
2026-01-01 02:08:00,25.199302730175283,11.967930826703503,5.143076263088249
2026-01-01 02:09:00,23.9930486917676,12.16438120515174,5.143637145141587
2026-01-01 02:10:00,21.898673137867736,12.160678607725137,5.087695147761946
2026-01-01 02:11:00,25.137125949612056,12.210960377117642,5.003923331538798
2026-01-01 02:12:00,22.87539257254779,12.806855634529324,5.134572247193364
2026-01-01 02:13:00,25.94718486127036,12.22676715075699,5.1183628267482755
2026-01-01 02:14:00,23.161151531532393,11.877921682354676,4.929191857811795
2026-01-01 02:15:00,28.09986881003508,12.48204358414418,4.88527964542062
2026-01-01 02:16:00,23.433493415327526,12.59473524446232,5.020371259052397
2026-01-01 02:17:00,24.35587696758865,11.386196092431504,5.309804030299038
2026-01-01 02:18:00,26.62703443473934,12.298700034924929,4.7521785848692195
2026-01-01 02:19:00,22.53827136713209,12.35058637115545,4.706494946849512
2026-01-01 02:20:00,25.454919869208258,11.851218248320004,5.032952168247303
2026-01-01 02:21:00,27.614285508564855,12.68785340665581,5.010177540371203
2026-01-01 02:22:00,-8.214966469122455,21.924972206483737,5.034668332874082
2026-01-01 02:23:00,25.36926771706461,12.062788226735771,5.0487906395817
2026-01-01 02:24:00,25.519765588496846,11.913464087858065,4.955359549073039
2026-01-01 02:25:00,26.56364574355462,12.007789523790734,5.297972687720416
2026-01-01 02:26:00,22.526098578243836,11.4518624565524,4.679819204304697
2026-01-01 02:27:00,22.359086773831446,11.279974558702852,4.834300595043951
2026-01-01 02:28:00,26.043883131233795,12.797252531612486,4.9793490479701905
2026-01-01 02:29:00,25.593969346466373,11.576519325840836,4.671362237769166
2026-01-01 02:30:00,-4.4990142993082465,21.504303825271847,4.964829119113586
2026-01-01 02:31:00,25.692896418993953,10.923304943198143,5.332294033145604
2026-01-01 02:32:00,-6.360049443156981,3.6805191261552483,5.004177297659193
2026-01-01 02:33:00,25.464507394322005,11.338455103296251,5.046140181143737
2026-01-01 02:34:00,25.58614494659736,12.821007580068185,4.747967046965484
2026-01-01 02:35:00,23.571297163947264,12.504908544671316,4.876727718392105
2026-01-01 02:36:00,28.731549022289514,11.655924827411138,4.924960723935213
2026-01-01 02:37:00,25.947665841823575,13.126217902672154,4.936456980648753
2026-01-01 02:38:00,22.617393005594703,12.490882743495797,5.256328759000754
2026-01-01 02:39:00,26.31310721726766,11.837584308245688,5.111538212145025
2026-01-01 02:40:00,23.050636659545358,10.750297142563214,4.777708408612593
2026-01-01 02:41:00,26.574169207484903,13.14547128629537,5.049300955686401
2026-01-01 02:42:00,27.317191158014808,11.305213766618202,5.099644349699357
2026-01-01 02:43:00,23.358635363296578,11.177300626521554,5.228029807704253
2026-01-01 02:44:00,26.926752258488644,12.51128521600482,5.316108137313675
2026-01-01 02:45:00,25.825561853872998,13.219876203169637,4.7969811616344264
2026-01-01 02:46:00,26.64412031998898,12.692136409255259,4.837828497757933
2026-01-01 02:47:00,28.793585965307894,12.281954560026179,4.748484428217076
2026-01-01 02:48:00,24.50922376799426,12.297377170832643,4.953196028178604
2026-01-01 02:49:00,23.49252767128502,12.426707779390155,5.093271674889267
2026-01-01 02:50:00,23.220971140748954,12.379464294893383,5.19746690331782
2026-01-01 02:51:00,23.368379430069123,12.140595711984687,4.984809795271495
2026-01-01 02:52:00,24.845796581171793,12.052100551975938,4.936030495349031
2026-01-01 02:53:00,25.682303949633287,11.96870343605024,5.030351598449748
2026-01-01 02:54:00,25.55338159866004,11.623017705566662,4.832971419673996
2026-01-01 02:55:00,26.654366498072047,11.859662461566613,5.4179077443389545
2026-01-01 02:56:00,25.026003783755815,11.153521592902308,4.678467794576388
2026-01-01 02:57:00,27.907068154314633,11.950830186602625,5.036948115779145
2026-01-01 02:58:00,24.47068633352409,11.505704446424541,5.404721243845928
2026-01-01 02:59:00,30.440338333179238,11.448205341392114,5.001359968911999
2026-01-01 03:00:00,26.251334695530012,12.08994707557674,4.961992192999701
2026-01-01 03:01:00,23.285684887167434,12.6960011431723,4.928510915437915
2026-01-01 03:02:00,22.858215003877774,12.459158303001157,4.963921663647518
2026-01-01 03:03:00,25.96494483048637,11.214749698188411,5.274569694935306
2026-01-01 03:04:00,24.5530744293483,11.50518593171483,4.557627617734099
2026-01-01 03:05:00,26.428000988184184,12.470385593994108,5.3066867402592655
2026-01-01 03:06:00,25.94647524914709,11.508756303230845,4.715208569509971
2026-01-01 03:07:00,24.854342174686256,11.887683425001487,4.946669534153117
2026-01-01 03:08:00,23.30641256386319,12.275026049512276,4.9141511159402675
2026-01-01 03:09:00,21.97030555062827,11.515827772568182,5.117710653954144
2026-01-01 03:10:00,24.106970095865957,12.05268775307298,4.6803751296232505
2026-01-01 03:11:00,26.712797588646943,11.332987252540898,5.092434533216388
2026-01-01 03:12:00,25.42818748826041,11.699316178024393,5.404861924657371
2026-01-01 03:13:00,22.508522442576023,12.159890967071268,4.727365199081438
2026-01-01 03:14:00,25.346361851702365,11.203503133234165,5.037941233522079
2026-01-01 03:15:00,25.770634759457675,12.2202373689802,4.867603564440678
2026-01-01 03:16:00,23.232285127597734,11.99018110053666,5.085177441238607
2026-01-01 03:17:00,25.307450211891055,12.276244977208574,5.003829555483151
2026-01-01 03:18:00,25.116417436892,12.11195706703233,4.871702618191138
2026-01-01 03:19:00,22.714059404338755,12.682070214986922,5.097574456974215
2026-01-01 03:20:00,25.715574720696566,12.062612251323953,5.360869621957349
2026-01-01 03:21:00,26.12156905273647,11.785297229437374,4.96181924165454
2026-01-01 03:22:00,27.166102486350553,12.061148751516141,5.143951588429636
2026-01-01 03:23:00,27.107604104069807,12.271649014518195,4.741345408425767
2026-01-01 03:24:00,22.244661264085817,12.024430035162853,4.808712724636398
2026-01-01 03:25:00,23.124349920169756,12.020295845601941,5.094481255576076
2026-01-01 03:26:00,26.03007053441732,11.649004156096622,5.296823205707193
2026-01-01 03:27:00,26.027571901824416,11.668549541224525,5.071122669757132
2026-01-01 03:28:00,26.030095372612095,11.298697364100153,4.937388393895369
2026-01-01 03:29:00,32.70546298130944,12.87478837159347,4.999858281084671
2026-01-01 03:30:00,26.141781021386333,11.378068382304358,4.749918453206057
2026-01-01 03:31:00,27.271131280361196,11.653547401102045,5.120903065271073
2026-01-01 03:32:00,26.908003526986406,11.640796367215401,5.176466612464682
2026-01-01 03:33:00,26.302782502611596,12.44746218847222,4.909581933433384
2026-01-01 03:34:00,24.369461510719308,11.852525160853986,4.9059915704481
2026-01-01 03:35:00,26.517938440986534,12.623871036336867,5.05317564593041
2026-01-01 03:36:00,23.454349570924855,11.663254687878066,4.912656052791881
2026-01-01 03:37:00,24.526362786519982,12.139497081111902,4.986773477074835
2026-01-01 03:38:00,24.02927290434179,11.582326473370122,5.4199443578333035
2026-01-01 03:39:00,25.163748278772644,13.072574563886693,4.950594859850801
2026-01-01 03:40:00,29.629317133347016,11.406200790485244,4.928331969595756
2026-01-01 03:41:00,21.265469614816503,12.154910355113513,4.870491638872968
2026-01-01 03:42:00,26.372520380749027,12.31688844046605,5.148838394299988
2026-01-01 03:43:00,21.774568257620697,12.20689954872575,4.963755165356379
2026-01-01 03:44:00,24.056136268421135,11.907356170561146,4.870125392335715
2026-01-01 03:45:00,27.177901193934733,11.935089650133287,5.264260806454603
2026-01-01 03:46:00,25.128560038190926,12.021905735989554,5.283920600902728
2026-01-01 03:47:00,22.844510444141388,11.926498999185755,4.879915286852259
2026-01-01 03:48:00,23.569392581480063,12.481939558397455,4.6266920097278765
2026-01-01 03:49:00,26.35919549786935,13.105261500795676,5.201502737967385
2026-01-01 03:50:00,23.539266736565725,11.721254107496083,4.863074034847999
2026-01-01 03:51:00,25.43291717916395,11.315098510210461,5.158125119832554
2026-01-01 03:52:00,25.091143679807626,11.955858975824373,4.605979236457633
2026-01-01 03:53:00,23.696799304788367,13.289854668827159,5.178519467659862
2026-01-01 03:54:00,29.28788817865065,11.598162716015135,4.757765614143843
2026-01-01 03:55:00,26.267838044636022,12.819558402722034,5.1461528238133045
2026-01-01 03:56:00,20.949714826684787,12.83885040703822,5.002854613567287
2026-01-01 03:57:00,25.372908629538856,11.723205879146002,4.809212116120671
2026-01-01 03:58:00,23.676427070463223,12.284491539592638,4.918592737414644
2026-01-01 03:59:00,26.704866669592448,12.814198311564269,5.1372636913913405
2026-01-01 04:00:00,23.414958523134597,11.810436129506256,5.021178890623047
2026-01-01 04:01:00,24.7705271170662,11.89820981994882,5.116882596094497
2026-01-01 04:02:00,26.009974557960913,11.709159543025677,5.395288116903097
2026-01-01 04:03:00,26.731510388340244,11.492621634653567,4.6871516776577895
2026-01-01 04:04:00,22.59940718588845,11.675361227466997,5.323442514993725
2026-01-01 04:05:00,24.330997528318104,11.388029866618872,5.020871187504643
2026-01-01 04:06:00,24.050109377678087,12.017041734129613,4.820243190335375
2026-01-01 04:07:00,23.693341534852575,11.615013384470679,4.733937274852202
2026-01-01 04:08:00,28.530908480562193,12.116892955895374,4.962175921844593
2026-01-01 04:09:00,25.80996342192191,11.222052176898186,5.184330022384892
2026-01-01 04:10:00,22.47823209132991,12.165440116107229,4.974490175924493
2026-01-01 04:11:00,26.835723894109552,12.416764480804462,5.302230986049469
2026-01-01 04:12:00,29.244312394025265,11.003132178714273,4.709764861989688
2026-01-01 04:13:00,27.064930521102294,12.187028284923786,4.997582210430789
2026-01-01 04:14:00,21.961260068091974,12.613834496236645,4.749521311117376
2026-01-01 04:15:00,24.0315318542675,11.395179490654398,5.072726376524994
2026-01-01 04:16:00,27.533822298373245,12.836286193418852,5.17737747801946
2026-01-01 04:17:00,23.58466106876244,12.209509504683023,4.915847641263789
2026-01-01 04:18:00,25.887638856292458,11.647494072120796,4.479157228674573
2026-01-01 04:19:00,26.549268106858673,11.972115461171146,5.039789629359299
2026-01-01 04:20:00,23.146139056843833,12.27916345626086,5.087347710346702
2026-01-01 04:21:00,24.8809492878764,12.038002695706206,5.080858950992339
2026-01-01 04:22:00,18.517465319861856,12.269377996223184,5.2471564383644305
2026-01-01 04:23:00,22.95122471733142,11.539663203460316,4.78578926407019
2026-01-01 04:24:00,24.49486369721368,12.08468041201804,5.13604322109009
2026-01-01 04:25:00,-7.495566363929697,3.29314275154751,5.238501502495595
2026-01-01 04:26:00,28.26482260786327,11.94438696932565,4.644282483198697
2026-01-01 04:27:00,22.139717244078735,11.548046179267605,5.063930365183795
2026-01-01 04:28:00,24.119911026606033,11.632235028705116,4.899164033798466
2026-01-01 04:29:00,25.261481154572184,12.61804658760522,4.983695465379671
2026-01-01 04:30:00,27.88254657813223,12.545655060297134,5.0695352967076674
2026-01-01 04:31:00,22.128275697641122,12.304569060453588,4.902554287177289
2026-01-01 04:32:00,27.32632750430992,11.453843617663711,4.864858384167678
2026-01-01 04:33:00,25.020466122039174,11.8417957751526,5.0068304834976045
2026-01-01 04:34:00,23.036982697904097,12.606548849989592,4.78255081222744
2026-01-01 04:35:00,25.924206948526543,12.070858456819952,4.782834974222963
2026-01-01 04:36:00,25.398119391146942,13.159664769990847,5.135874656591301
2026-01-01 04:37:00,23.79956624568241,12.196658919697185,4.770241192968268
2026-01-01 04:38:00,25.13960416998004,12.096024558245016,5.133262500181843
2026-01-01 04:39:00,24.22937280627648,11.84544176789875,5.092518258570791
2026-01-01 04:40:00,25.227034690502496,12.066770452391141,4.654838654241881
2026-01-01 04:41:00,26.324261349042093,11.923765081809728,4.864487069532869
2026-01-01 04:42:00,28.172033632290706,12.354054338344294,5.238821880609475
2026-01-01 04:43:00,22.5243690023463,12.478351158397292,4.803766893772064
2026-01-01 04:44:00,29.266066749312532,11.607005269746026,4.907119147538123
2026-01-01 04:45:00,21.095824400954996,11.334383523221112,5.092412178650379
2026-01-01 04:46:00,24.696429809928834,11.081897313448351,5.156678101856519
2026-01-01 04:47:00,26.176634412969154,12.253995663456271,4.949692222791101
2026-01-01 04:48:00,25.561983735470065,11.448316696913063,4.880497961061672
2026-01-01 04:49:00,23.75460096035881,10.92355470352376,5.284473972339701
2026-01-01 04:50:00,24.58375549928545,12.194289302265481,5.347779932759516
2026-01-01 04:51:00,24.013998130682335,13.246499758716395,5.195771610156359
2026-01-01 04:52:00,23.821270486111576,11.996964544230053,5.017063628513005
2026-01-01 04:53:00,26.69920419404205,12.419245387225821,4.838346855671815
2026-01-01 04:54:00,-4.285969028069907,22.040914679273783,4.833911118688687
2026-01-01 04:55:00,23.614180809478693,11.950555173404428,5.104502821053152
2026-01-01 04:56:00,26.799199750866503,12.459538241493885,5.083679644177737
2026-01-01 04:57:00,25.61459904175322,11.854862727905674,5.280319718589286
2026-01-01 04:58:00,26.62572423767792,12.133696157035951,5.130090018507228
2026-01-01 04:59:00,26.259257683847224,12.160848903098007,4.699383939648036
2026-01-01 05:00:00,53.34200997815586,21.665954773178477,5.210389523544584
2026-01-01 05:01:00,23.87963791960606,12.496021174768261,4.800387874537117
2026-01-01 05:02:00,26.494587210246525,11.912520121652296,4.92320574560953
2026-01-01 05:03:00,26.22074053086693,11.622127420253578,5.050040041250339
2026-01-01 05:04:00,24.958196812071705,12.268254921785202,5.399133497956793
2026-01-01 05:05:00,25.234654766617563,11.550766009104482,5.621983711201072
2026-01-01 05:06:00,27.55532979157685,12.014090578684565,5.1213446118272365
2026-01-01 05:07:00,23.81685722232834,11.995440501677898,4.963360676255922
2026-01-01 05:08:00,26.094194762340074,12.542947782915789,5.10690112969611
2026-01-01 05:09:00,24.595614695132213,12.237349116439976,5.177531085174767
2026-01-01 05:10:00,24.56463759354556,11.987486520627428,4.935866474888561
2026-01-01 05:11:00,27.197553703974382,12.408883149600143,5.359042271182465
2026-01-01 05:12:00,26.65083269797606,12.695103774508656,5.04601415183828
2026-01-01 05:13:00,26.627019272001277,12.27890515317593,5.099548617818279
2026-01-01 05:14:00,27.61095761430866,12.00517630992169,5.133184850410892
2026-01-01 05:15:00,25.042007683265517,11.34408188382492,5.0843173221228914
2026-01-01 05:16:00,26.363905942589927,11.467443168462314,5.167788100093922
2026-01-01 05:17:00,54.37946648681309,3.847387647822666,4.876549362690615
2026-01-01 05:18:00,25.648332704976884,11.695243898920358,4.888339649210794
2026-01-01 05:19:00,24.739713891264632,11.906514348507278,4.779969153405661
2026-01-01 05:20:00,25.193991929985437,12.028324962448554,5.087900246124045
2026-01-01 05:21:00,26.190314050873827,12.264846377178365,5.155787300702423
2026-01-01 05:22:00,23.363558633533057,11.964750610970455,5.091554573230377
2026-01-01 05:23:00,29.18477455137092,12.2432508219131,5.334898486669507
2026-01-01 05:24:00,22.987965237000594,12.03223720740506,4.99888079623419
2026-01-01 05:25:00,22.571622774424537,11.012266716823063,5.133748331118502
2026-01-01 05:26:00,27.316221747000135,11.530332303090622,4.781659824772137
2026-01-01 05:27:00,26.58332538792587,11.927956222139192,4.92258005950512
2026-01-01 05:28:00,26.24823963410431,11.395152628579446,5.139107551513155
2026-01-01 05:29:00,-3.74330898147144,4.299964364998102,5.169820422148629
2026-01-01 05:30:00,24.97550645430617,12.76537541617185,4.941206610467163
2026-01-01 05:31:00,23.20549125702834,12.609380925848658,4.9856801496283865
2026-01-01 05:32:00,25.15160911638745,11.893278564534896,4.696425250663838
2026-01-01 05:33:00,23.645676576975777,12.745363068424975,4.928594159838678
2026-01-01 05:34:00,26.9502394668355,12.074333728601056,5.178076632703958
2026-01-01 05:35:00,24.705885236995723,11.83145701444098,5.115041003221314
2026-01-01 05:36:00,23.349005606414977,11.69329866822953,5.100133144276242
2026-01-01 05:37:00,24.357228316694012,11.848765156755936,5.009954737436192
2026-01-01 05:38:00,25.825862908551247,11.805911590729385,5.0014126317256355
2026-01-01 05:39:00,23.87255089439205,12.085208111187743,4.8679357721053105
2026-01-01 05:40:00,23.355559208867138,12.080286990524932,5.139765684040507
2026-01-01 05:41:00,25.487374422983823,12.001523010076708,5.084194588877878
2026-01-01 05:42:00,25.489933142217446,12.218469084873174,5.09840376959856
2026-01-01 05:43:00,23.98611364925774,12.595323137393171,4.894793031466484
2026-01-01 05:44:00,24.057923388763353,12.474777067720662,4.569331416025751
2026-01-01 05:45:00,25.464099874715274,11.257551015775048,5.219430542350739
2026-01-01 05:46:00,52.10383131700535,2.7230394325490224,4.904232508798319
2026-01-01 05:47:00,22.18507245124689,12.467159955619637,4.827444847191376
2026-01-01 05:48:00,23.563111557495127,11.31656065079229,5.138695782382799
2026-01-01 05:49:00,24.573105696576306,11.887617299053659,4.921597472016174
2026-01-01 05:50:00,25.62181513119601,11.414943486970321,5.2119872768093245
2026-01-01 05:51:00,27.950712433899103,11.09900978120999,5.12340118991534
2026-01-01 05:52:00,26.71531924640404,12.270731364102394,5.136713864640096
2026-01-01 05:53:00,24.680122940073147,12.379577580151324,4.7268088577598935
2026-01-01 05:54:00,24.96196758419462,11.71174479963664,5.24238879707728
2026-01-01 05:55:00,22.994941270724382,10.704478853927546,5.052250106246771
2026-01-01 05:56:00,24.96297372801522,11.726877775873758,4.9261445721507595
2026-01-01 05:57:00,24.422682722159724,12.195902002701274,5.02867769346845
2026-01-01 05:58:00,25.645437120676178,11.260544215612935,4.644752953420336
2026-01-01 05:59:00,23.345538112895355,12.091679959889579,5.081730562296134
2026-01-01 06:00:00,26.038693028482346,11.992345075413501,4.794125698363586
2026-01-01 06:01:00,28.065477826005157,12.289645749800544,4.729465942831293
2026-01-01 06:02:00,24.782479703086285,12.059790184207076,4.695528162756422
2026-01-01 06:03:00,25.803423444197882,11.513465529559221,5.2225376749979855
2026-01-01 06:04:00,26.380287983422225,12.598285750832245,4.874147321261442
2026-01-01 06:05:00,24.19755905622833,11.920735213486514,5.3067455419833
2026-01-01 06:06:00,25.448184963620832,11.986347730245035,4.89283970738954
2026-01-01 06:07:00,25.02518480156359,11.533366020463403,4.658528408481411
2026-01-01 06:08:00,25.195352197097662,11.778358874404244,4.776695112010268
2026-01-01 06:09:00,23.453980432289068,11.55759864298655,5.247162324001388
2026-01-01 06:10:00,25.049020348517885,11.913526970038289,4.968820364412666
2026-01-01 06:11:00,25.9959965824909,12.855854240071173,4.89034254070188
2026-01-01 06:12:00,27.902287215590082,11.314049428534322,5.032003645170557
2026-01-01 06:13:00,26.918541652170415,11.19321930106163,5.100356547233509
2026-01-01 06:14:00,29.306364915023114,12.735585163746805,5.223479763180492
2026-01-01 06:15:00,23.4653048742239,11.895338161424068,5.289699845978586
2026-01-01 06:16:00,26.744641273441356,11.665463630670041,4.928046270842183
2026-01-01 06:17:00,25.366684011476703,12.519952343698039,4.734790462783592
2026-01-01 06:18:00,29.379605866435345,11.697192230131568,4.917306967775345
2026-01-01 06:19:00,23.383403429289697,12.913004856773469,5.052056101316578
2026-01-01 06:20:00,23.32055631563845,12.338962935669635,4.807248214757878
2026-01-01 06:21:00,23.801214709111957,11.756044295927149,4.808569817020992
2026-01-01 06:22:00,20.752208551380384,13.07865410663275,5.068757576309977
2026-01-01 06:23:00,23.94848995663848,11.697142538498332,4.99026952968591
2026-01-01 06:24:00,23.481734676892604,12.371047686004653,5.006559399082318
2026-01-01 06:25:00,25.300787572952416,12.149646290203245,4.848300933059986
2026-01-01 06:26:00,25.68351195155432,12.650870644699399,4.953919857158847
2026-01-01 06:27:00,28.752341678431772,12.780755598363426,4.815153371146339
2026-01-01 06:28:00,26.900847676372102,12.016002074532883,5.1780396822249575
2026-01-01 06:29:00,23.846192688675195,11.623291064826908,5.20704986694475
2026-01-01 06:30:00,23.203170657303286,12.229986071469558,4.630762427552381
2026-01-01 06:31:00,55.98383834301301,21.661142315123946,4.814097827961518
2026-01-01 06:32:00,22.359533585958715,13.006693623763312,4.7006941489819845
2026-01-01 06:33:00,28.662917531708707,12.068267665541368,4.86999521311862
2026-01-01 06:34:00,27.358880241442574,11.817339224343945,4.983312406041928
2026-01-01 06:35:00,24.06164869579059,12.092340152932454,4.710070956060294
2026-01-01 06:36:00,21.573730941818244,11.326436855235151,4.815628037374937
2026-01-01 06:37:00,27.707744748330825,11.514192980744674,4.7992085255837
2026-01-01 06:38:00,24.770920309494763,12.600206953972213,5.041453465879789
2026-01-01 06:39:00,27.47563262394692,11.671552860514302,5.0138688674072505
2026-01-01 06:40:00,21.811144682411268,11.47654450865903,4.85565248933255
2026-01-01 06:41:00,23.801249954092455,12.268326376263643,5.03536417442788
2026-01-01 06:42:00,25.010487399436368,12.592852077331498,4.890663983082547
2026-01-01 06:43:00,25.093961187529484,12.359476655332534,4.9456689779347895
2026-01-01 06:44:00,24.099869057041513,12.498023842902908,5.334690418059707
2026-01-01 06:45:00,26.245699864695,11.62160245571527,5.26809221035807
2026-01-01 06:46:00,22.86475914123481,11.289094666629078,4.74008375261448
2026-01-01 06:47:00,24.71524102995741,12.750666825977744,5.165946483575835
2026-01-01 06:48:00,25.2405912634238,11.838660080578933,5.1622793108983185
2026-01-01 06:49:00,26.0288776681175,11.874583491772476,4.770347342249476
2026-01-01 06:50:00,26.42322975617778,12.664097070924528,5.163755528750972
2026-01-01 06:51:00,22.750715816324263,12.27811500470033,5.30758638368251
2026-01-01 06:52:00,21.931771658528756,12.227943886040803,4.775491038751118
2026-01-01 06:53:00,27.55535364379702,13.082501172450542,4.816499435797147
2026-01-01 06:54:00,25.66462802395918,11.678240884809929,5.203532293368701
2026-01-01 06:55:00,23.503026926886893,12.463920064040618,5.054299062165129
2026-01-01 06:56:00,28.102303951045045,12.028506562448543,5.110295255047904
2026-01-01 06:57:00,25.231349268585717,12.134296139431628,5.068117843280099
2026-01-01 06:58:00,27.358594368127655,12.764234213206265,5.078139184185629
2026-01-01 06:59:00,25.13503696282022,12.253917878144811,4.7347055743377835
2026-01-01 07:00:00,29.121495849763974,12.269148039524817,5.20946354132429
2026-01-01 07:01:00,-1.489318315113593,22.5362536686549,5.233917998485555
2026-01-01 07:02:00,24.502071703041853,11.817523635228557,4.954121851186394
2026-01-01 07:03:00,26.94314190190871,11.580395166330497,4.991304610037227
2026-01-01 07:04:00,26.290751899170296,11.477595402989483,4.693778499488856
2026-01-01 07:05:00,27.737263115064696,11.016821705312,5.102850951203567
2026-01-01 07:06:00,23.07015307883979,13.028103564970161,5.114411488342829
2026-01-01 07:07:00,26.372102919996877,11.448395817139158,4.987561796600138
2026-01-01 07:08:00,27.116848973699177,11.889373188207115,5.2248706719741005
2026-01-01 07:09:00,21.482521027153773,11.86159335005554,4.933184553804012
2026-01-01 07:10:00,22.63348297466845,12.15370334890455,5.11292118517872
2026-01-01 07:11:00,20.9215356444798,12.407868606269648,4.796067132261577
2026-01-01 07:12:00,24.461186331110884,12.430236744179872,4.995289569825152
2026-01-01 07:13:00,26.435084511591924,11.70846128071553,4.965129148419432
2026-01-01 07:14:00,28.004714104192058,11.916439143106794,5.045061584408188
2026-01-01 07:15:00,25.14818956083955,12.141289975244149,4.926094614233328
2026-01-01 07:16:00,28.257231091142582,11.875654436908226,4.973705480865666
2026-01-01 07:17:00,22.239797083570217,12.803672788009996,5.165209434288301
2026-01-01 07:18:00,21.59323512128969,12.245487475819125,4.912647152552356
2026-01-01 07:19:00,24.88890460220676,12.367438893024909,4.6786845798522645
2026-01-01 07:20:00,25.768130897878613,12.331440634333706,5.349916780841085
2026-01-01 07:21:00,24.934610503811815,12.586736928742663,5.276290815738097
2026-01-01 07:22:00,20.865115799920247,12.090510779351854,4.741547460978876
2026-01-01 07:23:00,24.821759920974422,11.351584026022076,5.137941561049039
2026-01-01 07:24:00,22.391060998990294,12.199843975876322,4.899405045889732
2026-01-01 07:25:00,56.33934509766007,21.674321553104086,5.0526974430662115
2026-01-01 07:26:00,25.733196492193695,11.735691659125122,5.058844825802699
2026-01-01 07:27:00,23.12024042734529,12.293182009377547,4.953118439936736
2026-01-01 07:28:00,23.972266165326612,12.619141535716818,4.843246866882721
2026-01-01 07:29:00,22.881572956222097,12.010635788368031,4.861891789536748
2026-01-01 07:30:00,24.874641805453656,12.154416506299482,4.816761616903752
2026-01-01 07:31:00,26.910284641002477,12.851107472317619,4.833635558353911
2026-01-01 07:32:00,23.028547907328914,12.120376589744284,4.986564341990129
2026-01-01 07:33:00,26.00809303103569,13.300841557090198,4.856848002177849
2026-01-01 07:34:00,23.93948476325512,12.282754822815772,5.136410413142524
2026-01-01 07:35:00,23.414254335475313,11.119618620422091,5.297449231067185
2026-01-01 07:36:00,24.785939280090883,12.376670810552266,4.883989351725991
2026-01-01 07:37:00,22.92951535516125,12.190579192441389,5.047880900107075
2026-01-01 07:38:00,23.892701389305635,12.644876377041372,5.099937022060587
2026-01-01 07:39:00,22.6042442148223,12.33659067563498,5.094400454183855
2026-01-01 07:40:00,28.929450265832777,11.930772008008113,5.015191053583218
2026-01-01 07:41:00,25.07052710394346,11.387850881855318,5.148536483671944
2026-01-01 07:42:00,23.60054898401483,11.895488371356988,5.0964497905361315
2026-01-01 07:43:00,25.427959821468445,11.57473977289535,4.752467515534541
2026-01-01 07:44:00,24.775343900618342,11.709738275097639,5.173831212877855
2026-01-01 07:45:00,24.558060800933553,12.294289202210305,5.177458167453349
2026-01-01 07:46:00,26.22833340008685,12.834952252175704,4.847342779164284
2026-01-01 07:47:00,26.51501542009461,12.197335764911491,5.00758756708952
2026-01-01 07:48:00,53.93899770477894,3.402058468982407,5.1366657985622135
2026-01-01 07:49:00,23.84836351871064,12.222301334110071,4.958137236084128
2026-01-01 07:50:00,24.44989660569671,12.598315743322825,5.214595609553203
2026-01-01 07:51:00,20.39615767052883,11.69510854784031,5.472774498923872
2026-01-01 07:52:00,21.969617875602896,11.93299141666354,4.842802793473004
2026-01-01 07:53:00,27.73374853488905,12.007344097364598,4.723791079369245
2026-01-01 07:54:00,28.28993542700257,11.60755084345888,5.060763719120975
2026-01-01 07:55:00,24.501927920887244,12.32414021692193,5.144312501025229
2026-01-01 07:56:00,26.153113926111534,11.93952592569611,4.953826725231046
2026-01-01 07:57:00,25.622500309087073,12.209766221953513,5.290652132664207
2026-01-01 07:58:00,31.157761616910477,11.556253911098949,4.732278840055351
2026-01-01 07:59:00,27.23914982286915,11.781270849838295,5.138583724606322
2026-01-01 08:00:00,24.744164817038467,12.361190678913886,4.878827835848221
2026-01-01 08:01:00,23.088919118799147,11.813583423954116,5.343875581241459
2026-01-01 08:02:00,21.787107359484857,12.863481925616703,5.398503070633624
2026-01-01 08:03:00,25.406927271734446,11.800181907192698,4.8466686824433305
2026-01-01 08:04:00,23.487298509431394,12.112342362875943,4.890088572818284
2026-01-01 08:05:00,22.15549258080465,12.466295415936544,5.17191757739596
2026-01-01 08:06:00,23.706854231514946,11.290817133533483,4.922573870042097
2026-01-01 08:07:00,22.83690399277121,11.119595594009612,4.990917756413553
2026-01-01 08:08:00,28.374283270145128,11.237171842714952,5.005077684108482
2026-01-01 08:09:00,26.7632795138989,12.631292051713592,4.616065368760469
2026-01-01 08:10:00,24.984054717366764,11.724070927053777,4.997232450781152
2026-01-01 08:11:00,27.959888277780053,13.279099642834126,4.862054445187165
2026-01-01 08:12:00,25.154736615295235,11.717876200671306,4.901375435520046
2026-01-01 08:13:00,23.277431597343472,12.092275651598518,5.288726400693763
2026-01-01 08:14:00,28.046248154539313,12.771054976283938,4.748698621144149
2026-01-01 08:15:00,26.077820087369318,13.003046444079562,5.162641037349595
2026-01-01 08:16:00,22.925507691347086,13.030751788318199,4.944207413933638
2026-01-01 08:17:00,24.619322643832785,12.604183115296571,4.944047966300833
2026-01-01 08:18:00,23.248763493230484,12.512031262905731,5.158074379210342
2026-01-01 08:19:00,22.234400538071327,12.296263474600591,5.068010258913778
2026-01-01 08:20:00,26.85235509506328,12.38918053808332,5.114122599443906
2026-01-01 08:21:00,-1.181166719059739,3.7244071418357336,5.193636932106572
2026-01-01 08:22:00,22.202864852361717,11.590900558288846,4.933738323363335
2026-01-01 08:23:00,26.12593847338114,11.998312771294524,4.87755265309845
2026-01-01 08:24:00,23.698714861756347,11.914907688737536,4.78296989468844
2026-01-01 08:25:00,24.02574923247061,11.773385975336362,4.834917894004209
2026-01-01 08:26:00,23.81521215152226,12.348193723728357,5.589818885061745
2026-01-01 08:27:00,53.27201846064037,22.477652604285254,5.248935916147357
2026-01-01 08:28:00,25.097043255889655,12.044203443145923,4.7297851267583955
2026-01-01 08:29:00,53.33809976717792,22.738765040527632,4.7355084086512855
2026-01-01 08:30:00,25.540913651559677,11.429155442933247,5.096373212343698
2026-01-01 08:31:00,24.899523781101728,11.90317027036014,5.109452959475593
2026-01-01 08:32:00,24.52210390626718,11.641588839698597,5.109776767063473
2026-01-01 08:33:00,23.184872675916804,11.06673169146347,4.9490088412892606
2026-01-01 08:34:00,23.846457338863335,11.95865965707865,4.97490914799942
2026-01-01 08:35:00,26.51078245165151,11.939126245808358,5.065575904831872
2026-01-01 08:36:00,26.001834375248762,12.756724871621065,5.017178601258666
2026-01-01 08:37:00,23.044889510402896,12.31540584227739,4.556139925450493
2026-01-01 08:38:00,25.19866461085845,11.487906587835397,4.954040073884961
2026-01-01 08:39:00,26.502774246743577,12.927046283167094,4.829718713147937
2026-01-01 08:40:00,21.66118943775726,12.610516847762677,5.035042283781703
2026-01-01 08:41:00,26.08672038475987,12.291048851734308,5.597051800520682
2026-01-01 08:42:00,23.674752482108307,11.886757950575085,5.073496333094861
2026-01-01 08:43:00,26.14119733718632,11.52028038163826,4.93729406276552
2026-01-01 08:44:00,23.473481686914965,11.813896611964473,5.184360300395451
2026-01-01 08:45:00,21.39023579867096,12.544374309852094,5.096537577441842
2026-01-01 08:46:00,21.744915124233675,12.942293152967304,5.084018898090369
2026-01-01 08:47:00,25.096169893322763,12.771621764136095,5.121370118643134
2026-01-01 08:48:00,25.519445003442964,11.755575289106863,5.4113087129659085
2026-01-01 08:49:00,23.191366749791182,11.440191283355494,4.773822312934817
2026-01-01 08:50:00,26.27718491755475,12.070443123455602,5.094726415362291
2026-01-01 08:51:00,21.67695987546208,11.115780317218574,4.814723774003692
2026-01-01 08:52:00,24.867840402705365,12.16158385709239,5.111102529268449
2026-01-01 08:53:00,22.577967600475088,11.926198706850666,4.816262697702781
2026-01-01 08:54:00,23.69632778439568,11.766981749065879,4.9165266372789835
2026-01-01 08:55:00,25.094797342632827,11.202648466366602,4.940982017152419
2026-01-01 08:56:00,23.279173269432096,12.256800053284858,5.195163343868942
2026-01-01 08:57:00,24.23088891154035,11.733649580169045,5.183690888788483
2026-01-01 08:58:00,-2.9874143815711207,3.4150415821448554,4.7508565247107235
2026-01-01 08:59:00,23.846216260953703,10.563868893359174,5.010986822199969
2026-01-01 09:00:00,26.671384224130282,11.986242547474681,4.858084029050166
2026-01-01 09:01:00,22.740586290684764,12.886125798334872,4.748299017864933
2026-01-01 09:02:00,26.059608355830566,12.830629607273934,4.956596589915126
2026-01-01 09:03:00,27.8831372413158,11.771451871706864,4.938303442308836
2026-01-01 09:04:00,20.05671099974542,11.69889396981911,5.485343297269105
2026-01-01 09:05:00,23.406209489059048,12.234387128037511,5.086591965072139
2026-01-01 09:06:00,56.15414425436108,3.500807280405855,4.724476499849152
2026-01-01 09:07:00,24.593909227914015,12.150895949909733,4.8870451991658115
2026-01-01 09:08:00,25.742291746742616,12.383040139192346,5.204276659085879
2026-01-01 09:09:00,23.792029626568358,12.613466611942155,5.417688554573985
2026-01-01 09:10:00,25.1731795749458,11.949922961760024,4.682803337552408
2026-01-01 09:11:00,24.68864552921584,11.898163124911518,4.624015122972191
2026-01-01 09:12:00,27.335564123319614,11.561008706621719,5.374193035074357
2026-01-01 09:13:00,25.508841686602427,11.58655982298007,5.0779228354741806
2026-01-01 09:14:00,25.675205324150404,11.886760554049237,4.826341453624726
2026-01-01 09:15:00,24.176246067755066,12.183682753408089,5.106925817224487
2026-01-01 09:16:00,24.024787551855013,12.456792313116624,4.472850452196624
2026-01-01 09:17:00,24.134883624360757,11.598410524659828,5.000675101319432
2026-01-01 09:18:00,25.788904284756594,12.746344284479761,5.065564234568617
2026-01-01 09:19:00,24.158031038359475,11.864438199478716,5.184854027907566
2026-01-01 09:20:00,25.579549713792826,11.989316352825782,4.797220809541493
2026-01-01 09:21:00,29.150801597290876,11.626394160426088,5.017137432280672
2026-01-01 09:22:00,26.742249406863383,10.787879869863529,4.8149150747880824
2026-01-01 09:23:00,24.347952935664317,12.442022698180525,5.051076751134864
2026-01-01 09:24:00,27.40242784432789,12.368421948546217,4.820930735527395
2026-01-01 09:25:00,24.183849253956897,11.859336221440893,4.918379832167956
2026-01-01 09:26:00,20.923750929644292,12.033495358612436,4.800836921041954
2026-01-01 09:27:00,22.98382737816519,12.257969608852049,5.130227248364731
2026-01-01 09:28:00,21.25841615794829,11.218727071556728,5.171690223331333
2026-01-01 09:29:00,24.296973031917382,11.735473661326852,4.953075886008517
2026-01-01 09:30:00,25.036836758379103,12.397132339810913,5.007647598992006
2026-01-01 09:31:00,28.352874624550566,11.372855288415375,4.710281717073292
2026-01-01 09:32:00,25.653854747528325,12.146778966083314,4.940064670398643
2026-01-01 09:33:00,24.56179894238227,11.321709097688297,4.989959076591651
2026-01-01 09:34:00,26.658811162366977,12.233214991216764,5.524158618205995
2026-01-01 09:35:00,20.57772938198423,11.982179258851259,4.777606594845167
2026-01-01 09:36:00,25.47122911621713,11.192434092047245,5.2928354477504875
2026-01-01 09:37:00,26.541730387773935,12.582369677228586,5.1993717546931615
2026-01-01 09:38:00,22.04282750844032,11.632704211600975,5.0561272808980275
2026-01-01 09:39:00,27.287508086413858,11.59487378149281,5.3517240968390265
2026-01-01 09:40:00,25.67699281498883,12.100284598615472,5.074421094521373
2026-01-01 09:41:00,24.169424172198397,12.574318674714357,5.0778318391335855
2026-01-01 09:42:00,26.26556373221257,11.492089090510802,4.989375869396491
2026-01-01 09:43:00,29.54138571560879,12.030839924923987,5.244713776483725
2026-01-01 09:44:00,25.36373251011699,12.214408250165286,5.219293846762176
2026-01-01 09:45:00,25.496441172600672,12.346552803631573,4.874864542500758
2026-01-01 09:46:00,24.081278200919513,12.088220777638613,4.736150561080247
2026-01-01 09:47:00,23.300311261070416,11.816486080458338,4.959403872520869
2026-01-01 09:48:00,26.66067163308849,11.58620488967564,4.839992287120471
2026-01-01 09:49:00,23.287832348182267,12.043071941523188,4.987295085076929
2026-01-01 09:50:00,25.143132474438787,11.463930494007197,5.247487626936828
2026-01-01 09:51:00,24.044685106469768,10.539324758252697,4.908539668982642
2026-01-01 09:52:00,25.957959651492786,12.218279902078834,4.991435323737685
2026-01-01 09:53:00,25.6673242105739,12.451967420543097,5.011604546961679
2026-01-01 09:54:00,27.0750798885158,10.81853378222908,5.169686176441057
2026-01-01 09:55:00,23.979967202290506,11.495134647645031,4.5506221332030785
2026-01-01 09:56:00,24.460250129413257,12.309577130502598,4.878659941046941
2026-01-01 09:57:00,23.042472568435386,13.02874773485585,5.042256738455895
2026-01-01 09:58:00,24.111413479847776,12.010396853837705,5.240015791285372
2026-01-01 09:59:00,25.754600986089702,11.635998529385432,4.901619510498759
2026-01-01 10:00:00,26.513977233290703,11.90855177944758,4.624689458791625
2026-01-01 10:01:00,23.15566935164475,12.687438209574092,5.123942289193227
2026-01-01 10:02:00,26.739211840211322,11.677017910437732,4.872927522234874
2026-01-01 10:03:00,27.7112757176099,11.600403996674872,4.7620666681819275
2026-01-01 10:04:00,25.8268698064474,11.758628238908983,4.875130922057355
2026-01-01 10:05:00,28.753591625116133,11.523335695870644,4.96309492846883
2026-01-01 10:06:00,23.452421601792853,12.061335157997398,4.879051067092357
2026-01-01 10:07:00,22.510690593377166,12.81233922923478,4.558886788580186
2026-01-01 10:08:00,21.442559502191443,12.161539636558015,5.179413239377427
2026-01-01 10:09:00,27.992088622978365,11.873823248936857,5.2549750082557445
2026-01-01 10:10:00,26.308731312708115,11.854094365542228,5.130304398267901
2026-01-01 10:11:00,24.88883065817909,11.218404595651672,4.7724628659150365
2026-01-01 10:12:00,25.559937252639642,12.44155488857358,4.959701693210496
2026-01-01 10:13:00,22.749021905403247,11.9610814014936,4.998695736954108
2026-01-01 10:14:00,29.891503959233653,11.909760043204686,5.119758877912382
2026-01-01 10:15:00,25.258442363950454,13.596553783922431,5.133668097743616
2026-01-01 10:16:00,25.218789589209784,12.149376454182843,4.853165240244301
2026-01-01 10:17:00,26.451533247797386,11.624104474952407,5.016399111282712
2026-01-01 10:18:00,25.962018463473427,11.786821201897228,5.091456080923048
2026-01-01 10:19:00,25.447768048558263,12.574222854598377,5.291164464429353
2026-01-01 10:20:00,23.419051089109377,12.056635205268883,5.140901307964945
2026-01-01 10:21:00,25.94293671427199,11.280861010841317,5.157811337475104
2026-01-01 10:22:00,28.764048992950066,12.459614467287603,5.016765325585872
2026-01-01 10:23:00,27.690840092309955,11.665927957230503,5.2820918290407
2026-01-01 10:24:00,28.186373253278795,12.936648888108772,5.081952559191899
2026-01-01 10:25:00,23.97756864713763,12.540024032857325,4.8277824179652855
2026-01-01 10:26:00,23.020790359482838,11.776339052170625,5.2806739940250385
2026-01-01 10:27:00,24.748426159800704,12.640508180867556,5.139580654507806
2026-01-01 10:28:00,25.111449824577388,12.033927755263703,4.9113911957743035
2026-01-01 10:29:00,27.188383036941897,12.42638683756111,4.904101406520152
2026-01-01 10:30:00,21.61507074057036,12.242366408647237,5.0593151090281525
2026-01-01 10:31:00,28.059100638921226,11.576821672504563,5.092636959053517
2026-01-01 10:32:00,24.683984202842023,11.67822508384127,5.039458453126241
2026-01-01 10:33:00,24.14623786010516,12.514980408790581,5.062261734688577
2026-01-01 10:34:00,22.975791249479663,11.832612333946729,5.339991474915276
2026-01-01 10:35:00,21.690286656268462,11.798175768379002,5.214308630446977
2026-01-01 10:36:00,26.64634116792383,11.522438710325323,5.038127118253005
2026-01-01 10:37:00,25.146635934376807,12.21179953279673,5.1882621161534965
2026-01-01 10:38:00,22.420078200517892,13.031262459621573,4.793495219294492
2026-01-01 10:39:00,22.409842455872766,11.466233542872864,5.079585409989361
2026-01-01 10:40:00,24.328430601419743,12.012109728336378,5.361861269946622
2026-01-01 10:41:00,28.338043050578786,12.706110277707715,4.956390820921525
2026-01-01 10:42:00,24.48081729727279,11.960179304377142,4.830473214276183
2026-01-01 10:43:00,21.99371409376379,12.226185898124868,4.869582222281388
2026-01-01 10:44:00,24.50851387182811,11.46880323592656,4.782073392531522
2026-01-01 10:45:00,24.45455286050466,12.214153548603825,4.8430476183744595
2026-01-01 10:46:00,19.606226714116858,11.906427867497726,4.9258983802819944
2026-01-01 10:47:00,24.891410266964375,12.49286499783993,4.718886596164271
2026-01-01 10:48:00,24.538130939582643,12.593693025782375,5.003123666789921
2026-01-01 10:49:00,26.392412729626837,13.294781821009307,5.180455434757329
2026-01-01 10:50:00,28.69791218989069,12.289816586606788,4.818448763970616
2026-01-01 10:51:00,27.253130059095515,12.162898158291084,5.303856784728354
2026-01-01 10:52:00,24.46222261889034,12.097192150788668,5.102158417705519
2026-01-01 10:53:00,22.78694818251666,11.823416853594656,5.206116117124812
2026-01-01 10:54:00,30.146719606499722,12.169241921730846,4.868433089229573
2026-01-01 10:55:00,25.118436868028976,11.852299294930486,5.170905045413323
2026-01-01 10:56:00,25.027858583825893,12.084230488134807,4.781613219920938
2026-01-01 10:57:00,24.951749825779995,12.65879876780398,5.178049500167302
2026-01-01 10:58:00,25.39616952153571,11.49672871736018,5.034367867958706
2026-01-01 10:59:00,24.711279176152114,12.569939280564522,5.1106502439969566
2026-01-01 11:00:00,23.85267598623953,12.658557533669933,4.76488107887503
2026-01-01 11:01:00,23.906282117519215,11.940965736504461,4.820986031544679
2026-01-01 11:02:00,24.934493459568003,10.939072550495702,5.119445643650677
2026-01-01 11:03:00,23.91315045773247,11.696089006452784,4.81033039915516
2026-01-01 11:04:00,23.574308434645673,12.648497273280555,5.092641258419825
2026-01-01 11:05:00,25.212860455383794,11.988565968850558,4.726572438707951
2026-01-01 11:06:00,24.49004556515829,11.500348883852544,5.169634842533334
2026-01-01 11:07:00,28.007985977165376,11.74761253938589,4.7534953370462985
2026-01-01 11:08:00,19.698060383213978,12.420310013252276,5.110459987535905
2026-01-01 11:09:00,27.183013703844924,12.27336678410069,5.1251261867292
2026-01-01 11:10:00,27.49217038499526,11.880533950415153,4.860645636314085
2026-01-01 11:11:00,20.8532195351837,11.816587794092657,5.116405313416945
2026-01-01 11:12:00,24.314624811839302,11.80412092547809,5.052088452666712
2026-01-01 11:13:00,24.257118268008416,11.538794907750749,4.8922316287614525
2026-01-01 11:14:00,22.18497661056436,12.80768784473472,4.798289063184758
2026-01-01 11:15:00,23.44436662481825,11.83883976539433,4.607474861665485
2026-01-01 11:16:00,22.778848309068344,12.608579260412748,5.069930009459939
2026-01-01 11:17:00,28.504540886847245,12.760658025961225,4.687039445727589
2026-01-01 11:18:00,26.87135678629492,12.49915544907398,5.019068839888262
2026-01-01 11:19:00,27.54311018998832,11.784189843640975,4.94731035678355
2026-01-01 11:20:00,26.44334412808647,12.201865045168304,5.135828555087639
2026-01-01 11:21:00,22.74189645756554,11.987902196804542,4.9395909001020275
2026-01-01 11:22:00,23.950959467440452,11.548149069634936,4.9341104427305815
2026-01-01 11:23:00,25.978749122455834,12.162179640860801,5.146374140857659
2026-01-01 11:24:00,22.55574438221611,11.410480104420099,5.067011605816823
2026-01-01 11:25:00,26.425996860344775,12.593839694230782,5.0632311914365555
2026-01-01 11:26:00,24.51934920368373,11.767691351350804,5.093853517961705
2026-01-01 11:27:00,24.250358384900807,12.10057982793642,4.692885575358579
2026-01-01 11:28:00,56.42191993640698,4.141643935773072,5.151357735997396
2026-01-01 11:29:00,25.88852662297208,11.870547513147962,5.122493758802721
2026-01-01 11:30:00,24.27806766836184,12.293346900737637,4.796663374284701
2026-01-01 11:31:00,27.318659606728495,11.762548171688739,4.95118390526516
2026-01-01 11:32:00,-7.1621266551997955,22.435648648728623,4.992138542474474
2026-01-01 11:33:00,26.231871213888528,11.327010159876625,4.973100643119653
2026-01-01 11:34:00,26.186202515936767,12.063189789773206,5.066771993313707
2026-01-01 11:35:00,24.38090712137202,12.969464499529142,5.2862733563662365
2026-01-01 11:36:00,25.652266044484236,11.499834337697212,5.216353345534566
2026-01-01 11:37:00,22.497772847229392,11.661127514737574,4.7375561613137185
2026-01-01 11:38:00,26.848054038413803,12.256953924829457,5.124413998061209
2026-01-01 11:39:00,24.63019572711402,12.089790890969798,5.265786663907082
2026-01-01 11:40:00,23.95455395896192,12.17531504963678,5.07736170413784
2026-01-01 11:41:00,27.098018451673777,12.244593565073831,5.218196085037193
2026-01-01 11:42:00,23.591312618914483,12.317360734280886,5.402454089140153
2026-01-01 11:43:00,22.18307740727288,12.554849920978112,5.204741909221396
2026-01-01 11:44:00,21.886741652952193,12.204909328464256,5.049861719128346
2026-01-01 11:45:00,26.212019902691278,11.879371172690728,5.209017694816951
2026-01-01 11:46:00,22.439141295007435,12.336286850601365,5.028977566619378
2026-01-01 11:47:00,58.50958836396873,22.94994096744761,5.004780608656991
2026-01-01 11:48:00,20.836141184232556,11.933683126808713,4.929717152857253
2026-01-01 11:49:00,28.392912736580076,11.512735347664679,5.312682671766422
2026-01-01 11:50:00,25.422034934405236,12.553540334643486,4.8363142668116
2026-01-01 11:51:00,24.806573776259214,11.9398094180232,5.306473544935623
2026-01-01 11:52:00,23.9101618263821,10.913665226992983,5.0999728247480745
2026-01-01 11:53:00,25.798272228704143,12.42371083857521,4.720138765039612
2026-01-01 11:54:00,24.924730595150304,11.732335907023039,5.073529858598285
2026-01-01 11:55:00,27.206603764033044,11.95473335884792,4.579994698469675
2026-01-01 11:56:00,25.22845529732408,12.165990165284507,5.125101603366208
2026-01-01 11:57:00,25.300603522923755,12.095249839889533,5.177046296597799
2026-01-01 11:58:00,24.27277557557229,12.35472590856952,4.881528808869589
2026-01-01 11:59:00,24.886108752557867,11.782256814715078,5.024709539191116
2026-01-01 12:00:00,25.615603537784118,12.25655289908804,5.3908314867500575
2026-01-01 12:01:00,21.57966321468675,11.870226661208042,4.898850659147612
2026-01-01 12:02:00,22.303629155788574,12.36940524044375,4.78821848258868
2026-01-01 12:03:00,26.48652818804543,12.307683742006526,5.29633268049252
2026-01-01 12:04:00,55.34173087625588,3.532280648977702,5.392517438106159
2026-01-01 12:05:00,24.632033327294643,12.542991058087516,5.000739134369569
2026-01-01 12:06:00,25.036867866130788,11.732018277442975,5.202292607081671
2026-01-01 12:07:00,25.695163410723342,12.404028899140572,5.268295183106177
2026-01-01 12:08:00,23.920480639381278,12.18364365670067,4.851503153492323
2026-01-01 12:09:00,23.443390549195374,12.919091838397561,4.902938832926426
2026-01-01 12:10:00,25.391690510195364,11.888267008814074,5.246174902630947
2026-01-01 12:11:00,23.043254444769936,11.8253416019409,5.3370028557417015
2026-01-01 12:12:00,25.816505511428943,11.990290197056133,5.112576172034871
2026-01-01 12:13:00,21.59483279152432,11.848410108582863,4.824037129299589
2026-01-01 12:14:00,27.058311274651288,12.399970950971024,5.397412222339888
2026-01-01 12:15:00,25.945194964826086,11.191844695781706,4.893805820437607
2026-01-01 12:16:00,25.51205946862775,11.473158790426822,4.93297244376571
2026-01-01 12:17:00,26.965381967891027,11.466098539210403,5.068467566897924
2026-01-01 12:18:00,58.33094888892515,22.475153795986788,5.310832084142955
2026-01-01 12:19:00,27.02874013003626,12.855306686290962,5.170795195310445
2026-01-01 12:20:00,21.31825153733671,11.947775390731264,5.082973100072382
2026-01-01 12:21:00,22.440846066528596,11.915589138404995,5.092657706023621
2026-01-01 12:22:00,53.750362844608645,22.03502608155659,5.008702933728693
2026-01-01 12:23:00,25.052182100421668,12.580939151304095,5.1116279029037015
2026-01-01 12:24:00,56.03531804093825,21.536323432904712,4.49408798446114
2026-01-01 12:25:00,23.548512373693068,12.119184491367392,4.94067850818604
2026-01-01 12:26:00,25.373533528954155,12.487598814891214,5.048264386983356
2026-01-01 12:27:00,-6.510765864706645,4.250547084969922,4.769797183276099
2026-01-01 12:28:00,-6.223035605983895,4.094790808299372,5.077264663562312
2026-01-01 12:29:00,22.186677806303557,12.50052304628357,4.959105755802776
2026-01-01 12:30:00,23.153533507778192,10.64838385350038,5.351095139663098
2026-01-01 12:31:00,22.29663078876733,12.338937659765454,5.314603945042971
2026-01-01 12:32:00,23.048253494045333,11.672962158436288,4.906838886176367
2026-01-01 12:33:00,27.10728359321568,11.084683551571771,4.969832457686661
2026-01-01 12:34:00,23.101202222336113,12.25560129976249,4.985210486878321
2026-01-01 12:35:00,30.26476412967478,12.686829272581479,4.909668104768075
2026-01-01 12:36:00,25.98663580176178,11.931275742686154,5.039004996805625
2026-01-01 12:37:00,25.369672247389747,12.47643727360147,4.848343586222482
2026-01-01 12:38:00,23.283284439637573,12.806139128994323,4.773876933012494
2026-01-01 12:39:00,26.40061975881798,12.657457226792024,5.124542244780054
2026-01-01 12:40:00,23.848724347524453,12.819982264685697,5.125905916844363
2026-01-01 12:41:00,25.244019629290722,12.371063745535945,4.8391368480680015
2026-01-01 12:42:00,30.12016907653759,12.037716819450797,5.17907108615252
2026-01-01 12:43:00,24.8078802005507,11.199017094051415,4.873684454166933
2026-01-01 12:44:00,-2.7014533474286466,3.8769687559350263,5.0506330476075965
2026-01-01 12:45:00,23.593647149748225,11.578376702341904,5.1640688025224915
2026-01-01 12:46:00,24.930023019006075,13.085471358748906,4.993277487059258
2026-01-01 12:47:00,28.54160127127102,11.912057093783831,5.090948182428227
2026-01-01 12:48:00,23.746065884424464,12.061602403392243,4.896714071222486
2026-01-01 12:49:00,28.624897115993857,12.275742688020234,4.96070668331438
2026-01-01 12:50:00,26.41550387091095,12.021801223186227,4.958828113823932
2026-01-01 12:51:00,-6.124933551788537,22.847525520215378,4.850684330691952
2026-01-01 12:52:00,26.264815478111043,11.688675319132773,4.964645167376844
2026-01-01 12:53:00,26.94510889925346,12.097303727618621,4.690276340227251
2026-01-01 12:54:00,26.24361992443439,11.628764707150976,4.901769250571579
2026-01-01 12:55:00,21.859550560219088,11.339988744389647,4.943024901326066
2026-01-01 12:56:00,23.545725648350263,11.694115454547358,4.948764049500924
2026-01-01 12:57:00,24.50496272889699,11.981481601475794,4.9517005108258445
2026-01-01 12:58:00,24.851133141799906,11.78534888774137,4.987647160027974
2026-01-01 12:59:00,26.241344195101355,11.653789510063072,5.095888303617213
2026-01-01 13:00:00,25.35540200186651,11.296841268164084,5.174903414826504
2026-01-01 13:01:00,22.3293112825798,11.958447213685652,4.870046954630347
2026-01-01 13:02:00,25.760395702011927,11.247639812984499,4.759359828922171
2026-01-01 13:03:00,26.221171490567645,12.380027981844801,4.79159111755138
2026-01-01 13:04:00,26.11958089586208,12.041219876467252,4.902559415761014
2026-01-01 13:05:00,27.161561451109243,11.271224250267535,4.929615736436698
2026-01-01 13:06:00,26.66784430909781,11.845395461475068,4.846000786760508
2026-01-01 13:07:00,25.918360158456874,11.623921797204709,4.740776667150021
2026-01-01 13:08:00,24.859668577082704,12.15958725520959,4.908775834505162
2026-01-01 13:09:00,21.678078132968018,12.670225223011572,5.036285324022795
2026-01-01 13:10:00,25.85923643826517,11.062413765177128,5.119005893167113
2026-01-01 13:11:00,25.41537537432622,12.057513039573708,4.888515389378336
2026-01-01 13:12:00,55.54315767439075,3.9199336022166804,4.917400435571313
2026-01-01 13:13:00,22.44650284835938,12.335670038225233,4.814660338230538
2026-01-01 13:14:00,22.837886919183475,12.106598314118845,4.993712165925045
2026-01-01 13:15:00,27.106305706665808,11.62401533413059,4.830314273161837
2026-01-01 13:16:00,24.92088969228669,11.840473032166692,5.11462556264824
2026-01-01 13:17:00,26.36300139474525,11.601987071598256,4.642826701613178
2026-01-01 13:18:00,25.056636752260918,12.538003569299299,4.928074065509508
2026-01-01 13:19:00,25.059512278991487,12.010655824335972,5.060221467838349
2026-01-01 13:20:00,26.876567611951995,12.950595342876504,5.036766903264501
2026-01-01 13:21:00,23.967910543565253,11.96966959309269,5.538606732796099
2026-01-01 13:22:00,25.192241553881967,11.645796616544768,5.069960004913582
2026-01-01 13:23:00,24.075449422589916,11.243142803693587,4.799189080631598
2026-01-01 13:24:00,24.13100754513537,11.098430161872027,4.980907150582185
2026-01-01 13:25:00,24.38165575306272,11.207932028497256,4.64475073330671
2026-01-01 13:26:00,25.444267543267426,12.133563325505742,4.983880050140648
2026-01-01 13:27:00,24.042502756673045,12.254362511614968,4.833388788599848
2026-01-01 13:28:00,27.511512251147042,11.209404648983933,5.183078055112032
2026-01-01 13:29:00,23.210785395560993,12.447519157038057,4.890091945080893
2026-01-01 13:30:00,24.626256711677282,11.75846947415828,4.976646816840951
2026-01-01 13:31:00,24.12053788345165,12.073396505992775,4.87288843171912
2026-01-01 13:32:00,27.893955768707464,12.806110314127713,5.347770270370666
2026-01-01 13:33:00,25.393109553023148,12.448419657932766,4.935751446776417
2026-01-01 13:34:00,27.06368907893727,11.865734676047083,5.366511408695841
2026-01-01 13:35:00,22.028879253926057,11.554403887292356,5.162830352423653
2026-01-01 13:36:00,25.534100531738517,10.924092299335348,5.096413345467077
2026-01-01 13:37:00,26.779261591246875,11.64042334037879,5.073746629463504
2026-01-01 13:38:00,25.16456797855085,11.894434880586152,5.07875945964325
2026-01-01 13:39:00,27.130960750130704,11.506410236424408,4.614465484130878
2026-01-01 13:40:00,23.965423099799256,11.934371516453847,4.944223321169849
2026-01-01 13:41:00,27.81869488037116,12.038425941479383,5.1690315942368645
2026-01-01 13:42:00,29.5977962472385,11.88757200909596,4.990220563305179
2026-01-01 13:43:00,24.27432287912068,11.67499870958827,4.718962030639285
2026-01-01 13:44:00,24.108994957198455,12.084327335983364,4.989519109884506
2026-01-01 13:45:00,27.906768954235403,12.220970324784705,5.340821103251098
2026-01-01 13:46:00,28.159144291461423,11.454800461278577,5.249378343106944
2026-01-01 13:47:00,23.954279945693465,12.705466189873135,4.9875991981267935
2026-01-01 13:48:00,24.159626365808286,11.950705933857869,5.190289855411617
2026-01-01 13:49:00,24.436430782278986,12.009424811472424,4.92669859592639
2026-01-01 13:50:00,22.311098977931447,12.354107211628278,4.6592256826346565
2026-01-01 13:51:00,23.162696107031604,12.11660806563175,4.815106802374089
2026-01-01 13:52:00,22.991718466495865,12.476568316956623,5.31257775370164
2026-01-01 13:53:00,23.464404869791743,12.143562082600912,4.9452013836341395
2026-01-01 13:54:00,24.930630225226437,11.69378131267978,4.951323204124996
2026-01-01 13:55:00,25.46842946507304,12.180751762603052,4.940032360745024
2026-01-01 13:56:00,28.101000985628154,11.42813689633967,5.380827317914601
2026-01-01 13:57:00,23.003291918522418,12.054279852888262,5.3251917830724125
2026-01-01 13:58:00,26.968644796953168,11.98338500467777,5.443756046689627
2026-01-01 13:59:00,24.57202231154898,11.89594157136373,4.968190957919989
2026-01-01 14:00:00,24.901072580695136,11.935731244280534,5.059124897749419
2026-01-01 14:01:00,26.349638984333208,11.05907547725118,4.6966714901158415
2026-01-01 14:02:00,22.754555956875404,11.72563754612952,5.295386885223655
2026-01-01 14:03:00,25.7648194923681,12.046422450570557,4.766444089746413
2026-01-01 14:04:00,25.33290441642611,12.0799281959987,5.043355112752526
2026-01-01 14:05:00,25.9849025280163,11.486162429537021,4.780539494473431
2026-01-01 14:06:00,25.578337287815636,12.63285392043235,4.882226634652261
2026-01-01 14:07:00,29.91060027982179,11.566912575892749,4.83254751379006
2026-01-01 14:08:00,23.724520031497367,12.484728600263368,4.878424947864836
2026-01-01 14:09:00,23.938006089996364,12.213597180935842,4.892175459370204
2026-01-01 14:10:00,23.75371894715047,11.676886345078099,4.890346241014985
2026-01-01 14:11:00,23.88904576167949,12.887655446304755,5.166666782356061
2026-01-01 14:12:00,23.725225745386965,11.40318158412176,4.779027441387496
2026-01-01 14:13:00,27.378033062215103,12.459577086805,5.044108285402773
2026-01-01 14:14:00,27.84100849597971,12.50029115902149,5.243591830461112
2026-01-01 14:15:00,23.858507412501048,11.664689895461677,4.897360727097321
2026-01-01 14:16:00,23.335288853791543,12.696232650032165,4.85641622185048
2026-01-01 14:17:00,25.942831112772808,11.874976742700524,4.95389507496395
2026-01-01 14:18:00,23.895553911438057,12.14434681463993,5.235945041672142
2026-01-01 14:19:00,26.26586363551102,12.13016091938561,5.038821526190672
2026-01-01 14:20:00,25.4058460417026,11.932845629264726,4.89375714107848
2026-01-01 14:21:00,21.968511770005534,12.405404136579891,5.096775330237608
2026-01-01 14:22:00,28.095010402660122,12.396744360276106,4.779541570032715
2026-01-01 14:23:00,28.591755346191043,11.12573401338091,5.136271902088589
2026-01-01 14:24:00,23.774422619031228,12.652170121439076,5.081721461540353
2026-01-01 14:25:00,24.224596880128033,11.168754005982162,4.938438305772223
2026-01-01 14:26:00,25.57173078144981,12.516273102170828,4.832282840310554
2026-01-01 14:27:00,25.66891357997405,12.56335256841379,4.822663815543309
2026-01-01 14:28:00,26.317088545345662,11.454516784892402,5.106963467269182
2026-01-01 14:29:00,29.020409077532697,11.794592856022708,5.245796100497812
2026-01-01 14:30:00,24.646105545011903,11.447147665757033,4.872538450594241
2026-01-01 14:31:00,23.403405510923093,11.892539484855632,5.091677340710297
2026-01-01 14:32:00,52.241361543970946,21.84598285790713,4.582594596279586
2026-01-01 14:33:00,23.538139920116162,12.38983026613467,4.8830764538685605
2026-01-01 14:34:00,24.933746054252406,12.655154373059805,4.99378821342582
2026-01-01 14:35:00,28.589115727035576,12.697841905394979,4.8180633166036335
2026-01-01 14:36:00,23.964777401927655,11.718915986710849,4.812698725042081
2026-01-01 14:37:00,25.447575903277798,11.895389063127736,4.866444088706222
2026-01-01 14:38:00,24.967154207854495,11.158280903889525,5.0584385456652745
2026-01-01 14:39:00,27.376786546896167,11.597064966751905,4.9625341963187255
2026-01-01 14:40:00,30.053864851747242,12.482425816548728,4.552353753335005
2026-01-01 14:41:00,23.938262454159357,12.807791411774115,4.575859969472987
2026-01-01 14:42:00,24.021121114963556,11.382825564060038,4.878626964428565
2026-01-01 14:43:00,27.088321754138143,11.703767870423553,5.091537317210711
2026-01-01 14:44:00,26.363782979252623,11.986797121520537,4.450499031454953
2026-01-01 14:45:00,28.693414651472068,12.140080579409803,4.900053964769674
2026-01-01 14:46:00,26.16785637065193,11.595198240039178,4.894750428696516
2026-01-01 14:47:00,24.28141581842588,12.212030522232045,5.277667555641689
2026-01-01 14:48:00,26.181309661384617,11.763080326464541,4.9229956376574275
2026-01-01 14:49:00,27.217407161165816,11.99277386456086,5.076597796948186
2026-01-01 14:50:00,-3.3590356376052704,4.273142124001851,5.028251428017493
2026-01-01 14:51:00,26.014548062214594,12.003211134905468,4.57388670403856
2026-01-01 14:52:00,27.13334937917831,11.781807054736715,5.1536414433263475
2026-01-01 14:53:00,27.338591180891346,11.945195098037084,5.043079301091257
2026-01-01 14:54:00,27.764317982075056,11.955818520397333,5.101653727934918
2026-01-01 14:55:00,26.297419775179286,11.814994485058936,5.785247541287266
2026-01-01 14:56:00,24.665763839366292,11.870601968666449,4.583177412100282
2026-01-01 14:57:00,55.293427372866645,4.799323585252358,5.344939329952222
2026-01-01 14:58:00,27.413017933016715,12.280459723970619,4.942510496119929
2026-01-01 14:59:00,23.366128658025527,11.85225984098542,5.057465780880602
2026-01-01 15:00:00,25.737346617745803,12.348477202255367,4.990897550939752
2026-01-01 15:01:00,24.213322375345278,11.833090255121995,4.915152733320391
2026-01-01 15:02:00,25.057489645869634,12.586562318793321,4.886033414352248
2026-01-01 15:03:00,27.556903725214596,12.184821096099046,5.0659017471146015
2026-01-01 15:04:00,25.382198136039808,11.946348927997885,4.696565260665664
2026-01-01 15:05:00,25.092873096312296,12.223858462905138,5.150115833504353
2026-01-01 15:06:00,22.28028771804016,11.21456192396575,4.916761119022949
2026-01-01 15:07:00,26.492507132054442,11.436616265545098,4.773986132191928
2026-01-01 15:08:00,26.29096836228215,11.403037496800472,4.909997428400837
2026-01-01 15:09:00,29.32650944661092,12.071471547381853,5.251429843372515
2026-01-01 15:10:00,24.384443530094,12.866257499742545,4.892932982596755
2026-01-01 15:11:00,25.43830065532788,13.115650073096315,5.071690723641924
2026-01-01 15:12:00,25.49876736742151,12.31902555072038,4.853808744856905
2026-01-01 15:13:00,28.15490655952695,12.250422237472229,5.151584369984724
2026-01-01 15:14:00,24.809408935226095,11.09947113292363,5.137101547758041
2026-01-01 15:15:00,25.55804305154068,11.728663100132989,5.369721766659282
2026-01-01 15:16:00,26.21579301943308,11.60610812404588,4.964887210900157
2026-01-01 15:17:00,25.373218246312717,11.689576200874441,5.133730960951581
2026-01-01 15:18:00,24.107132770898943,11.915928090707606,5.019613507907789
2026-01-01 15:19:00,25.388179985796615,11.763954711151436,5.259174356372603
2026-01-01 15:20:00,27.147263499719543,11.010350094812106,4.856233522478254
2026-01-01 15:21:00,22.94696940117788,12.373955128058768,5.149001062575456
2026-01-01 15:22:00,25.265939348293752,11.463628487130096,4.961060540776663
2026-01-01 15:23:00,23.599758370121652,12.119623432055574,4.9871623645783005
2026-01-01 15:24:00,-2.609906742150315,23.037041334874985,5.018350496889674
2026-01-01 15:25:00,21.953626190432452,11.54030770420679,5.050448079285336
2026-01-01 15:26:00,23.882156305456824,10.734856238626834,4.976754191375608
2026-01-01 15:27:00,25.754423750129043,11.856997889059945,5.0429426366341055
2026-01-01 15:28:00,28.131048058468682,12.550479817499285,5.315623611512437
2026-01-01 15:29:00,24.868499477854023,12.979173727110297,5.197089937123044
2026-01-01 15:30:00,23.889600946613605,11.38522520277379,5.173830918499379
2026-01-01 15:31:00,28.76231413888118,12.248349611618261,4.908892094795226
2026-01-01 15:32:00,22.10397219916751,11.767344771609974,4.822151834354335
2026-01-01 15:33:00,20.602388086759838,11.947025822847932,5.191060111647551
2026-01-01 15:34:00,25.880028900106666,13.322171673508517,5.175209358505959
2026-01-01 15:35:00,23.99589155129478,11.248514835802423,5.294534135150196
2026-01-01 15:36:00,22.957534365738574,12.126869830747287,4.879203874806154
2026-01-01 15:37:00,26.416712894598707,12.233846585882716,4.9540902689279305
2026-01-01 15:38:00,25.487601427542398,12.542893162469674,4.672103167494913
2026-01-01 15:39:00,23.871842738526542,12.048991576735448,4.921505778787825
2026-01-01 15:40:00,22.43939120265821,12.15402526975205,5.199314102115889
2026-01-01 15:41:00,26.74491465656029,11.804175716289105,4.90670092415436
2026-01-01 15:42:00,26.30040235591732,12.134563470622554,5.128095959040165
2026-01-01 15:43:00,24.801648272441234,11.828403862251294,4.961899378800438
2026-01-01 15:44:00,28.69327399209533,12.310785944928025,5.0648114056443125
2026-01-01 15:45:00,22.859830467347695,11.815194831978182,4.770461722036867
2026-01-01 15:46:00,21.94894965815052,12.188550196951093,5.01704188992678
2026-01-01 15:47:00,23.616183860237513,11.98536859315751,4.4017728058198555
2026-01-01 15:48:00,24.908827967289003,12.563025125386083,4.962620768367603
2026-01-01 15:49:00,25.486678898645383,11.974303138205757,4.673905351256972
2026-01-01 15:50:00,24.51752788428734,11.113483765896559,5.241198903309363
2026-01-01 15:51:00,25.704110793028594,12.630960750356996,5.155481470552902
2026-01-01 15:52:00,-7.503078848380888,3.5471338495686897,5.093334196393216
2026-01-01 15:53:00,27.887529208146518,11.67311683067559,5.304201245431876
2026-01-01 15:54:00,24.83569764321486,11.702169352978254,4.810216695835033
2026-01-01 15:55:00,27.234591663176257,12.687219046585408,5.349472639583111
2026-01-01 15:56:00,25.68545069275541,10.932162893010652,5.186438312852077
2026-01-01 15:57:00,25.913506438307568,13.568874266829997,4.952688942556211
2026-01-01 15:58:00,26.13953456046441,12.528028404533027,5.227124029436589
2026-01-01 15:59:00,25.89541712003463,12.11161945706458,4.778741297517673
2026-01-01 16:00:00,26.285445519735088,11.972552999691857,4.835097167694466
2026-01-01 16:01:00,27.658305060264862,12.142777037428829,4.87828205535206
2026-01-01 16:02:00,25.39304233940294,12.26056121418967,4.894204458387197
2026-01-01 16:03:00,26.418007515177024,12.32260779297503,4.78868847144795
2026-01-01 16:04:00,24.820528611425548,12.277802233001724,5.244616613419065
2026-01-01 16:05:00,27.880234430898945,12.044790340627625,4.948229119926034
2026-01-01 16:06:00,23.64721539588146,11.901330789846337,5.070500993671376
2026-01-01 16:07:00,58.60188086582163,21.924363358173245,4.885929726717264
2026-01-01 16:08:00,24.919684098711315,11.90254585982366,4.635879339890296
2026-01-01 16:09:00,22.138449795763904,12.566885048433532,5.054011471678284
2026-01-01 16:10:00,25.256208829821578,12.296778361140431,4.617549004916045
2026-01-01 16:11:00,23.637896685050237,10.52980568266786,4.9862731907829065
2026-01-01 16:12:00,26.68128709797745,12.327950388264881,4.7263369922334375
2026-01-01 16:13:00,23.69475204139522,12.097368097359388,5.397455199846162
2026-01-01 16:14:00,24.10763313357044,11.990645621777052,5.1822725444349445
2026-01-01 16:15:00,21.22091853810894,11.805740773455558,5.021150758254296
2026-01-01 16:16:00,24.095387361501846,12.562056359993006,5.252741335530934
2026-01-01 16:17:00,20.152241346742088,12.47376323106143,4.830736804506853
2026-01-01 16:18:00,21.832194353028555,11.613561166088196,5.108695875734019
2026-01-01 16:19:00,26.520829312288594,12.203526143562268,5.039962086743743
2026-01-01 16:20:00,26.571600317301666,11.514171632729358,5.052804016266734
2026-01-01 16:21:00,25.85091512356993,11.310190917605535,5.254470700021353
2026-01-01 16:22:00,23.066047713741575,11.686641387705018,5.14649842055596
2026-01-01 16:23:00,54.90457728771604,4.43119673619138,5.057744732565005
2026-01-01 16:24:00,24.992794921818863,12.476562522688043,4.66902251275434
2026-01-01 16:25:00,22.683270621614916,12.256542710048647,4.807990740944107
2026-01-01 16:26:00,28.0067966035343,12.362547893423999,4.975458213280855
2026-01-01 16:27:00,26.754724581151343,12.258089143557479,5.01867447485533
2026-01-01 16:28:00,-5.441928347659328,21.679259202388522,4.773959255065215
2026-01-01 16:29:00,25.05377167798906,12.21596127233697,5.4823353351156845
2026-01-01 16:30:00,55.4167656158951,4.400204762613841,5.303278811050714
2026-01-01 16:31:00,20.91653026315142,12.377145664906788,5.120423664078497
2026-01-01 16:32:00,24.505645234958806,12.594456685737322,5.014407372256749
2026-01-01 16:33:00,23.636031504004404,12.354151923600531,4.95755820601977
2026-01-01 16:34:00,-7.003240019789832,4.175724103770792,4.809616307995553
2026-01-01 16:35:00,24.437799414228092,12.535075119158213,5.015496103703772
2026-01-01 16:36:00,28.595373053699046,11.98673937037547,5.0515505080285505
2026-01-01 16:37:00,26.28168572253402,11.55906267438614,4.751647884903675
2026-01-01 16:38:00,23.857642020434405,11.918466518028119,5.066835283448979
2026-01-01 16:39:00,26.145165562712318,11.627548677596776,4.96894819023505
